,Words,Total_Count
0,web,15
1,data,32
2,etl,14
3,pipeline,14
4,using,10
5,python,4
6,aman,2
7,kharwal,2
8,skip,1
9,content,2
10,results,1
11,home,2
12,articles,2
13,recommended,3
14,courses,2
15,search,1
16,pythonaman,1
17,kharwalaugust,1
18,learning,3
19,systematic,3
20,process,9
21,used,4
22,engineering,3
23,load,3
24,various,4
25,sources,3
26,internet,3
27,structured,3
28,usable,3
29,format,3
30,analysis,5
31,want,2
32,learn,1
33,scrape,3
34,page,2
35,build,3
36,collected,2
37,article,9
38,take,1
39,building,2
40,follow,1
41,essential,1
42,managing,1
43,processing,4
44,large,1
45,volumes,1
46,gathered,1
47,online,2
48,digital,1
49,begins,1
50,relevant,1
51,information,1
52,raw,1
53,transformed,1
54,including,1
55,loaded,1
56,csv,1
57,file,1
58,making,1
59,accessible,1
60,see,1
61,create,1
62,textual,3
63,aim,1
64,store,2
65,frequencies,2
66,word,6
67,start,2
68,task,1
69,importing,1
70,necessary,1
71,use,1
72,command,1
73,installing,1
74,beautifulsoup,2
75,pip,1
76,install,1
77,nltk,2
78,import,6
79,requests,1
80,stopwords,1
81,collections,1
82,counter,1
83,pandas,1
84,pd,1
85,extracting,3
86,text,6
87,class,10
88,def,6
89,url,2
90,response,1
91,soup,1
92,return,3
93,webscraper,2
94,provides,3
95,way,2
96,conveniently,1
97,extract,1
98,main,1
99,given,2
100,creating,3
101,instance,3
102,calling,3
103,retrieve,1
104,processed,1
105,analyzed,1
106,frequency,2
107,need,2
108,clean,2
109,preprocess,2
110,extracted,1
111,words,8
112,textprocessor,2
113,convenient,1
114,tokenizing,1
115,cleaning,2
116,removing,2
117,often,1
118,crucial,1
119,step,1
120,natural,1
121,language,1
122,obtain,2
123,list,1
124,cleaned,1
125,filtered,1
126,input,1
127,till,1
128,defined,1
129,classes,1
130,scraping,1
131,preparing,1
132,define,1
133,entire,1
134,generating,2
135,dataframe,2
136,scraper,1
137,processor,1
138,df,3
139,etlpipeline,2
140,encapsulates,1
141,calculating,1
142,sorted,1
143,run,2
144,perform,1
145,complete,1
146,insights,1
147,frequently,1
148,count,1
149,series,1
150,time,1
151,science,2
152,summary,1
153,hope,1
154,liked,1
155,feel,1
156,free,1
157,ask,1
158,valuable,1
159,questions,1
160,comments,1
161,section,1
162,writer,1
163,scientist,1
164,mission,1
165,educate,1
166,others,1
167,incredible,1
168,power,1
169,previous,1
170,post,2
171,group,1
172,sold,1
173,products,1
174,date,1
175,sql,1
176,next,1
177,hyperparameter,1
178,tuning,1
179,machine,2
180,ridge,1
181,lasso,1
182,regression,1
183,september,2
184,steps,1
185,solve,1
186,problem,1
187,comment,1
188,algorithms,1
189,guide,1
190,august,2
191,demand,1
192,forecasting,1
193,inventory,1
194,optimization,1
195,leave,1
196,replycancel,1
197,reply,1
198,facebook,1
199,instagram,1
200,medium,1
201,linkedin,1
202,copyright,1
